id_guru,id_madrasah,jenis_kelamin,usia,kualifikasi,pengalaman_tahun,sertifikasi,skor_literasi_digital,jam_mengajar_per_minggu
GR000001,MDR00001,P,25,S1 PAI,0,0,77.5,23
GR000002,MDR00001,L,32,S1 PAI,8,1,63.2,28
GR000003,MDR00001,P,36,S1 PAI,12,0,69.0,27
GR000004,MDR00002,P,34,S1 PAI,7,0,53.7,15
GR000005,MDR00002,P,29,S2 PAI,5,1,68.1,28
GR000006,MDR00002,P,34,S1 PAI,7,0,46.1,23
GR000007,MDR00002,P,26,S1 Non-PAI,2,1,61.8,29
GR000008,MDR00002,P,27,S1 PAI,1,0,66.8,18
GR000009,MDR00003,L,33,S1 Non-PAI,9,1,56.0,29
GR000010,MDR00004,P,23,D3/Lainnya,0,0,72.0,27
GR000011,MDR00004,L,41,S2 PAI,15,1,73.9,24
GR000012,MDR00004,L,43,S1 PAI,17,0,74.9,27
GR000013,MDR00004,L,31,S1 Non-PAI,6,1,69.7,22
GR000014,MDR00005,L,37,S1 Non-PAI,11,1,58.0,20
GR000015,MDR00005,L,33,S2 PAI,5,1,64.2,26
GR000016,MDR00005,L,25,S1 PAI,2,0,53.0,28
GR000017,MDR00005,P,38,S1 PAI,12,1,69.9,31
GR000018,MDR00006,L,23,S1 PAI,0,0,64.3,17
GR000019,MDR00006,P,35,D3/Lainnya,9,0,54.8,20
GR000020,MDR00006,L,37,S2 Non-PAI,12,0,63.7,26
GR000021,MDR00006,P,30,S1 PAI,2,0,62.8,25
GR000022,MDR00007,P,23,S1 PAI,0,1,73.0,29
GR000023,MDR00007,L,35,S2 PAI,9,1,71.5,25
GR000024,MDR00007,L,48,S1 PAI,22,1,64.7,29
GR000025,MDR00008,P,54,D3/Lainnya,28,0,56.6,18
GR000026,MDR00008,L,39,S2 Non-PAI,11,0,64.5,22
GR000027,MDR00008,P,35,S1 Non-PAI,9,0,63.7,23
GR000028,MDR00009,L,31,S1 Non-PAI,8,1,62.8,15
GR000029,MDR00009,L,34,S2 Non-PAI,10,0,62.8,26
GR000030,MDR00010,P,29,S1 PAI,3,1,58.5,25
GR000031,MDR00010,P,33,S1 PAI,6,1,57.0,18
GR000032,MDR00011,P,42,S1 PAI,18,0,69.1,23
GR000033,MDR00012,L,57,S2 PAI,33,0,49.5,24
GR000034,MDR00012,P,35,S2 Non-PAI,12,1,70.6,22
GR000035,MDR00012,P,32,S2 Non-PAI,5,0,59.7,23
GR000036,MDR00012,L,48,S1 PAI,24,0,51.5,34
GR000037,MDR00012,L,31,D3/Lainnya,7,1,54.4,24
GR000038,MDR00012,P,49,S1 Non-PAI,24,0,52.9,27
GR000039,MDR00013,L,31,S1 PAI,8,0,67.5,18
GR000040,MDR00013,P,35,S1 PAI,9,0,69.0,21
GR000041,MDR00013,P,46,S2 Non-PAI,18,0,64.0,16
GR000042,MDR00013,L,49,S1 PAI,24,0,79.9,19
GR000043,MDR00013,P,48,S1 PAI,20,1,58.4,19
GR000044,MDR00014,P,38,S2 Non-PAI,15,0,71.4,22
GR000045,MDR00015,P,41,D3/Lainnya,17,0,50.9,23
GR000046,MDR00015,L,48,S1 PAI,20,1,52.0,31
GR000047,MDR00015,P,46,S1 PAI,23,0,74.8,30
GR000048,MDR00016,P,34,S1 PAI,10,0,56.5,33
GR000049,MDR00017,L,40,S1 PAI,15,1,57.1,28
GR000050,MDR00017,L,23,S1 PAI,0,1,54.2,27
GR000051,MDR00017,P,37,S1 PAI,10,1,67.8,20
GR000052,MDR00017,P,50,S1 Non-PAI,24,1,64.7,20
GR000053,MDR00018,P,33,S1 PAI,6,1,43.4,24
GR000054,MDR00018,P,41,S1 PAI,14,1,59.8,25
GR000055,MDR00018,L,30,S1 PAI,4,1,55.8,18
GR000056,MDR00019,L,38,S1 Non-PAI,15,1,67.8,16
GR000057,MDR00019,P,38,S1 PAI,14,0,79.4,24
GR000058,MDR00019,P,35,S2 PAI,7,1,71.2,24
GR000059,MDR00020,P,33,S2 PAI,10,0,68.3,17
GR000060,MDR00020,L,37,S2 PAI,12,1,58.9,14
GR000061,MDR00020,L,37,S1 Non-PAI,10,1,43.7,28
GR000062,MDR00020,L,28,S1 PAI,4,0,64.9,20
GR000063,MDR00021,P,41,S1 Non-PAI,14,0,55.4,26
GR000064,MDR00021,L,42,S1 PAI,19,1,47.7,28
GR000065,MDR00022,L,45,S1 PAI,17,1,50.7,23
GR000066,MDR00022,P,43,D3/Lainnya,19,1,52.0,21
GR000067,MDR00023,L,37,S1 Non-PAI,9,1,33.1,24
GR000068,MDR00023,P,34,S1 PAI,8,1,57.5,27
GR000069,MDR00023,P,43,S1 PAI,15,1,49.5,19
GR000070,MDR00024,L,52,S1 PAI,29,1,54.2,23
GR000071,MDR00024,P,29,S1 Non-PAI,4,0,56.3,24
GR000072,MDR00025,P,44,S1 PAI,17,0,45.1,23
GR000073,MDR00025,L,36,S2 PAI,11,0,70.3,23
GR000074,MDR00026,P,55,S1 Non-PAI,31,1,60.0,21
GR000075,MDR00026,P,36,S1 PAI,10,1,80.0,27
GR000076,MDR00027,P,33,S1 PAI,8,1,51.4,25
GR000077,MDR00027,L,56,D3/Lainnya,29,0,38.8,21
GR000078,MDR00027,L,45,S1 PAI,22,1,59.4,27
GR000079,MDR00027,L,48,S1 PAI,23,0,53.4,27
GR000080,MDR00028,L,44,S1 PAI,20,0,43.9,26
GR000081,MDR00029,L,45,S1 PAI,21,0,53.9,23
GR000082,MDR00029,L,43,S1 PAI,18,1,46.2,20
GR000083,MDR00030,P,28,S1 Non-PAI,1,0,53.8,26
GR000084,MDR00030,L,47,S1 PAI,22,0,64.0,26
GR000085,MDR00030,P,35,S2 Non-PAI,10,1,61.5,25
GR000086,MDR00030,P,29,S1 Non-PAI,4,1,60.4,27
GR000087,MDR00031,P,23,D3/Lainnya,0,1,66.3,27
GR000088,MDR00031,L,52,S1 PAI,25,1,66.3,20
GR000089,MDR00031,L,29,S1 Non-PAI,1,1,69.7,21
GR000090,MDR00031,L,37,S2 PAI,13,1,52.8,24
GR000091,MDR00032,P,32,S1 PAI,8,1,62.2,28
GR000092,MDR00033,P,38,S1 PAI,12,1,53.9,27
GR000093,MDR00033,L,50,S1 PAI,25,0,52.1,26
GR000094,MDR00033,L,49,D3/Lainnya,21,0,34.0,23
GR000095,MDR00033,P,32,S1 PAI,8,0,63.4,22
GR000096,MDR00034,P,42,S1 PAI,14,0,63.5,22
GR000097,MDR00034,P,46,S1 Non-PAI,22,0,55.2,25
GR000098,MDR00034,P,23,S2 PAI,0,0,63.4,22
GR000099,MDR00034,P,25,S1 PAI,1,0,71.4,30
GR000100,MDR00034,P,35,S1 PAI,7,0,77.0,20
GR000101,MDR00034,P,44,S1 PAI,19,0,55.2,21
GR000102,MDR00035,L,37,S1 PAI,12,0,64.0,25
GR000103,MDR00035,P,39,S1 Non-PAI,14,0,71.6,14
GR000104,MDR00035,P,34,S1 PAI,10,0,53.7,19
GR000105,MDR00035,P,34,S1 PAI,9,1,61.0,21
GR000106,MDR00035,L,31,S1 Non-PAI,4,1,78.0,28
GR000107,MDR00036,P,40,S1 PAI,17,0,55.7,20
GR000108,MDR00037,L,49,S1 PAI,24,0,57.2,26
GR000109,MDR00037,L,33,D3/Lainnya,8,0,55.7,18
GR000110,MDR00037,P,35,S1 Non-PAI,7,0,56.1,25
GR000111,MDR00037,P,26,S1 PAI,3,0,41.1,25
GR000112,MDR00038,P,39,S1 PAI,13,1,61.3,22
GR000113,MDR00038,L,46,S1 PAI,21,1,53.5,23
GR000114,MDR00038,L,23,S1 PAI,0,0,61.4,25
GR000115,MDR00039,L,44,D3/Lainnya,20,0,62.0,22
GR000116,MDR00039,P,53,S1 PAI,27,0,66.9,23
GR000117,MDR00039,L,37,S1 PAI,9,0,67.3,28
GR000118,MDR00040,P,38,S2 PAI,10,0,72.2,20
GR000119,MDR00040,P,48,S1 PAI,24,0,53.8,21
GR000120,MDR00040,P,26,S1 PAI,0,1,49.1,27
GR000121,MDR00041,L,38,S1 Non-PAI,10,0,64.2,30
GR000122,MDR00041,L,53,S1 PAI,28,1,60.2,21
GR000123,MDR00041,L,35,S2 Non-PAI,7,1,64.1,26
GR000124,MDR00042,P,27,S2 Non-PAI,3,0,81.0,24
GR000125,MDR00042,L,32,S1 Non-PAI,8,1,61.9,28
GR000126,MDR00042,L,39,D3/Lainnya,13,0,71.6,20
GR000127,MDR00042,P,53,S1 PAI,26,1,55.8,20
GR000128,MDR00043,P,26,D3/Lainnya,0,1,60.5,17
GR000129,MDR00044,P,46,S1 PAI,18,0,47.4,26
GR000130,MDR00044,P,47,S1 Non-PAI,23,0,49.5,30
GR000131,MDR00044,L,46,S1 Non-PAI,19,1,73.6,21
GR000132,MDR00044,P,51,S1 PAI,24,1,40.1,29
GR000133,MDR00044,L,30,S1 PAI,4,0,64.7,19
GR000134,MDR00044,P,24,S1 Non-PAI,1,1,74.7,23
GR000135,MDR00044,L,44,D3/Lainnya,19,0,54.0,21
GR000136,MDR00044,L,41,S1 PAI,13,0,58.0,26
GR000137,MDR00045,L,28,S1 PAI,1,0,73.5,24
GR000138,MDR00045,L,29,S1 PAI,5,1,57.7,23
GR000139,MDR00045,L,38,S1 PAI,12,1,57.9,26
GR000140,MDR00045,P,51,S1 PAI,23,1,59.3,24
GR000141,MDR00045,L,37,S1 PAI,13,0,56.3,26
GR000142,MDR00045,L,44,S1 PAI,17,1,68.3,25
GR000143,MDR00046,P,39,S1 PAI,11,1,58.1,24
GR000144,MDR00046,L,34,S1 PAI,9,0,58.0,22
GR000145,MDR00047,P,44,S2 PAI,17,1,74.9,24
GR000146,MDR00047,P,36,S1 PAI,12,1,74.0,26
GR000147,MDR00047,P,42,S2 Non-PAI,19,1,68.2,22
GR000148,MDR00048,P,53,S1 Non-PAI,29,0,68.2,24
GR000149,MDR00048,P,39,S1 Non-PAI,16,1,61.0,26
GR000150,MDR00048,L,34,S1 Non-PAI,8,0,70.8,28
GR000151,MDR00049,L,53,S1 PAI,30,0,58.4,19
GR000152,MDR00049,L,26,S2 PAI,0,0,83.7,31
GR000153,MDR00049,P,36,S1 PAI,8,1,59.6,31
GR000154,MDR00050,L,36,S2 PAI,8,0,61.1,26
GR000155,MDR00050,L,29,S1 PAI,5,0,64.4,24
GR000156,MDR00050,L,30,S1 PAI,7,1,66.6,18
GR000157,MDR00050,P,31,S1 PAI,8,0,70.7,22
GR000158,MDR00051,P,23,S1 Non-PAI,0,0,65.3,27
GR000159,MDR00051,P,31,S1 PAI,7,0,66.1,29
GR000160,MDR00052,L,50,S1 PAI,24,1,59.5,19
GR000161,MDR00052,P,54,S1 PAI,26,0,47.4,21
GR000162,MDR00052,P,31,S1 Non-PAI,3,0,62.8,26
GR000163,MDR00052,P,41,S1 PAI,13,1,50.2,25
GR000164,MDR00052,L,26,S1 Non-PAI,0,1,69.7,26
GR000165,MDR00052,L,41,S1 PAI,17,1,59.5,29
GR000166,MDR00053,L,44,D3/Lainnya,21,1,46.2,27
GR000167,MDR00053,L,38,S1 PAI,13,1,55.4,24
GR000168,MDR00053,P,36,S1 PAI,9,1,59.5,20
GR000169,MDR00053,P,42,S1 PAI,15,0,38.1,23
GR000170,MDR00053,P,46,D3/Lainnya,18,0,60.2,24
GR000171,MDR00054,P,36,S1 PAI,9,0,67.6,25
GR000172,MDR00054,L,23,D3/Lainnya,0,1,63.6,22
GR000173,MDR00054,P,27,S1 PAI,2,1,59.9,12
GR000174,MDR00054,P,39,S1 PAI,12,1,48.2,27
GR000175,MDR00054,L,31,S2 PAI,7,0,77.6,24
GR000176,MDR00054,L,33,S1 PAI,10,1,51.6,27
GR000177,MDR00054,P,33,S1 Non-PAI,8,0,48.7,24
GR000178,MDR00054,P,33,D3/Lainnya,5,1,56.6,22
GR000179,MDR00054,P,31,S1 PAI,6,0,59.5,22
GR000180,MDR00054,L,47,S1 Non-PAI,23,0,62.5,26
GR000181,MDR00055,P,60,S1 PAI,35,1,31.8,24
GR000182,MDR00055,P,31,S1 PAI,4,1,52.8,22
GR000183,MDR00055,P,26,S1 Non-PAI,1,1,61.5,23
GR000184,MDR00055,L,52,S1 PAI,24,0,49.0,27
GR000185,MDR00056,L,50,S1 Non-PAI,22,1,51.8,30
GR000186,MDR00056,P,47,S2 PAI,20,0,67.3,22
GR000187,MDR00056,P,41,S1 PAI,15,1,56.8,20
GR000188,MDR00056,P,49,S1 PAI,21,1,55.7,24
GR000189,MDR00056,L,34,S1 PAI,8,1,54.2,24
GR000190,MDR00056,L,25,S1 PAI,0,1,57.8,24
GR000191,MDR00057,P,35,S1 PAI,8,1,47.2,31
GR000192,MDR00058,P,44,S1 PAI,20,0,47.5,29
GR000193,MDR00058,P,47,S1 Non-PAI,23,1,37.0,29
GR000194,MDR00059,P,26,S1 PAI,0,1,58.0,26
GR000195,MDR00059,L,38,S2 Non-PAI,12,1,63.3,20
GR000196,MDR00060,L,30,S1 PAI,5,1,52.3,22
GR000197,MDR00060,P,38,D3/Lainnya,13,0,56.2,26
GR000198,MDR00060,P,28,S1 PAI,4,1,70.0,29
GR000199,MDR00061,P,42,S1 PAI,16,1,68.3,17
GR000200,MDR00061,P,35,S1 PAI,7,1,45.8,22
GR000201,MDR00062,L,26,S1 PAI,0,0,60.1,24
GR000202,MDR00062,L,38,S1 Non-PAI,10,0,52.2,24
GR000203,MDR00062,L,34,S1 PAI,9,1,57.7,23
GR000204,MDR00062,P,40,S1 PAI,15,1,55.6,25
GR000205,MDR00063,P,41,S1 PAI,15,0,59.6,23
GR000206,MDR00063,P,27,S1 Non-PAI,1,0,83.6,23
GR000207,MDR00064,P,43,S1 PAI,20,1,57.9,23
GR000208,MDR00064,P,38,S1 PAI,13,0,83.9,23
GR000209,MDR00064,L,35,S1 PAI,12,0,82.8,29
GR000210,MDR00065,P,23,D3/Lainnya,0,1,76.9,20
GR000211,MDR00065,L,33,S1 Non-PAI,7,1,51.1,24
GR000212,MDR00066,P,53,S1 PAI,29,1,36.6,22
GR000213,MDR00067,P,35,S1 PAI,12,0,52.9,18
GR000214,MDR00067,L,53,S2 Non-PAI,27,1,68.8,25
GR000215,MDR00068,L,32,S1 PAI,4,0,66.6,26
GR000216,MDR00068,L,24,S1 PAI,0,0,62.2,19
GR000217,MDR00068,L,23,S1 PAI,0,0,62.9,23
GR000218,MDR00068,L,36,S1 PAI,9,0,55.7,26
GR000219,MDR00069,P,41,S1 PAI,14,0,49.4,26
GR000220,MDR00069,L,54,S1 Non-PAI,28,0,43.2,29
GR000221,MDR00069,L,50,S1 Non-PAI,24,0,50.1,23
GR000222,MDR00070,L,32,S1 PAI,6,1,60.4,14
GR000223,MDR00070,L,23,S1 PAI,0,1,52.0,25
GR000224,MDR00070,P,42,S1 PAI,18,0,65.3,21
GR000225,MDR00071,L,41,S2 Non-PAI,14,0,54.7,26
GR000226,MDR00071,L,44,S1 PAI,20,0,54.3,25
GR000227,MDR00072,L,40,S1 PAI,15,0,62.4,19
GR000228,MDR00072,L,39,S1 Non-PAI,11,1,69.0,21
GR000229,MDR00073,P,49,S1 PAI,23,1,57.3,17
GR000230,MDR00074,P,32,S1 PAI,5,1,55.3,25
GR000231,MDR00075,P,37,S1 PAI,13,1,63.6,22
GR000232,MDR00075,L,35,S1 Non-PAI,10,1,59.7,23
GR000233,MDR00076,P,40,S1 PAI,12,0,55.5,17
GR000234,MDR00076,P,40,S1 Non-PAI,14,0,62.8,28
GR000235,MDR00076,P,50,D3/Lainnya,22,0,52.0,20
GR000236,MDR00077,P,32,S1 PAI,7,0,57.2,20
GR000237,MDR00077,L,23,D3/Lainnya,0,0,59.2,27
GR000238,MDR00077,L,46,D3/Lainnya,21,0,44.5,15
GR000239,MDR00077,L,33,S1 Non-PAI,8,0,63.8,23
GR000240,MDR00077,L,43,S2 Non-PAI,20,0,68.4,23
GR000241,MDR00078,P,40,S1 Non-PAI,13,0,40.9,19
GR000242,MDR00078,P,52,S1 Non-PAI,24,0,54.6,27
GR000243,MDR00078,P,33,S1 PAI,8,1,50.7,24
GR000244,MDR00079,P,40,S1 Non-PAI,15,1,67.6,27
GR000245,MDR00079,P,34,S1 Non-PAI,6,0,53.2,25
GR000246,MDR00079,L,39,S1 Non-PAI,14,0,54.1,21
GR000247,MDR00080,L,47,S2 PAI,23,0,70.2,20
GR000248,MDR00080,L,33,S1 Non-PAI,8,1,66.0,28
GR000249,MDR00080,L,23,S1 PAI,0,0,66.5,19
GR000250,MDR00081,P,49,S1 PAI,25,0,58.7,18
GR000251,MDR00081,L,32,S1 PAI,6,0,61.0,19
GR000252,MDR00081,P,41,S1 PAI,13,0,56.8,25
GR000253,MDR00081,P,50,S1 PAI,26,0,54.1,25
GR000254,MDR00081,L,38,S2 PAI,12,0,59.0,22
GR000255,MDR00082,P,52,S1 PAI,25,0,66.7,19
GR000256,MDR00082,P,41,S1 Non-PAI,15,1,69.3,24
GR000257,MDR00082,P,38,D3/Lainnya,12,1,62.8,21
GR000258,MDR00083,P,37,S1 Non-PAI,10,0,58.6,19
GR000259,MDR00083,L,31,D3/Lainnya,4,0,57.1,19
GR000260,MDR00083,L,30,D3/Lainnya,5,0,61.5,29
GR000261,MDR00083,P,36,S1 PAI,9,0,67.6,22
GR000262,MDR00084,L,49,S1 PAI,25,0,66.9,20
GR000263,MDR00084,P,46,S1 Non-PAI,22,0,37.4,28
GR000264,MDR00084,L,43,S2 PAI,19,0,62.1,23
GR000265,MDR00085,P,48,S1 PAI,20,0,55.8,16
GR000266,MDR00085,P,29,S1 PAI,1,1,59.9,24
GR000267,MDR00085,P,44,S1 Non-PAI,19,0,45.9,26
GR000268,MDR00085,L,34,S1 PAI,7,1,71.0,21
GR000269,MDR00085,L,23,S1 PAI,0,1,67.8,13
GR000270,MDR00086,L,52,S1 Non-PAI,25,0,57.2,22
GR000271,MDR00086,L,38,S1 PAI,12,0,51.1,24
GR000272,MDR00086,L,43,S1 Non-PAI,15,0,61.9,20
GR000273,MDR00086,L,46,S2 PAI,21,0,58.8,22
GR000274,MDR00086,P,24,S1 PAI,0,1,62.9,27
GR000275,MDR00087,P,33,S1 Non-PAI,9,0,53.8,24
GR000276,MDR00088,L,48,S1 PAI,25,1,50.9,16
GR000277,MDR00088,L,25,S1 PAI,0,0,49.2,22
GR000278,MDR00088,P,40,D3/Lainnya,13,0,59.1,23
GR000279,MDR00089,P,26,S1 PAI,0,0,55.0,24
GR000280,MDR00089,P,47,S1 Non-PAI,20,0,69.2,25
GR000281,MDR00089,P,27,S1 Non-PAI,4,0,66.0,21
GR000282,MDR00090,L,30,S1 Non-PAI,3,0,66.3,20
GR000283,MDR00090,L,30,S1 PAI,4,1,56.9,22
GR000284,MDR00090,L,38,S1 PAI,12,0,42.0,14
GR000285,MDR00090,P,31,D3/Lainnya,6,0,57.9,18
GR000286,MDR00091,P,32,S1 PAI,5,0,67.5,25
GR000287,MDR00091,L,41,S1 PAI,18,0,61.8,25
GR000288,MDR00092,L,45,S1 PAI,21,0,65.2,20
GR000289,MDR00093,P,32,S1 PAI,6,0,69.0,23
GR000290,MDR00093,P,30,S1 PAI,2,0,50.2,20
GR000291,MDR00093,L,52,S1 PAI,26,0,59.6,23
GR000292,MDR00094,L,35,S1 PAI,7,0,68.3,22
GR000293,MDR00094,P,37,S1 Non-PAI,12,0,56.2,23
GR000294,MDR00094,L,46,S1 Non-PAI,18,1,56.1,28
GR000295,MDR00094,L,38,S2 PAI,14,0,67.4,22
GR000296,MDR00094,P,36,S1 PAI,10,0,59.6,25
GR000297,MDR00094,P,43,S1 PAI,19,1,70.7,21
GR000298,MDR00095,P,34,D3/Lainnya,6,0,57.4,16
GR000299,MDR00095,L,44,S1 PAI,17,0,49.7,21
GR000300,MDR00095,L,34,S1 PAI,8,1,56.3,23
GR000301,MDR00096,P,30,S1 PAI,4,0,78.5,24
GR000302,MDR00096,P,52,S2 PAI,26,0,63.8,27
GR000303,MDR00096,P,60,S1 PAI,35,0,49.4,21
GR000304,MDR00096,L,39,S1 PAI,15,0,60.5,21
GR000305,MDR00097,L,28,D3/Lainnya,3,0,55.5,25
GR000306,MDR00097,P,34,S1 PAI,8,0,76.1,18
GR000307,MDR00098,P,38,S1 PAI,11,0,57.2,28
GR000308,MDR00098,L,36,S1 PAI,12,1,60.0,26
GR000309,MDR00098,P,29,S1 Non-PAI,4,0,66.5,18
GR000310,MDR00098,L,42,S2 PAI,14,1,69.9,23
GR000311,MDR00099,L,38,S1 PAI,11,1,54.5,17
GR000312,MDR00099,P,23,S1 PAI,0,0,54.3,17
GR000313,MDR00100,P,41,S1 Non-PAI,13,1,61.5,22
GR000314,MDR00100,P,44,D3/Lainnya,16,0,51.6,21
GR000315,MDR00100,L,40,S2 PAI,15,1,61.2,31
GR000316,MDR00100,P,43,D3/Lainnya,20,1,46.8,20
GR000317,MDR00101,P,52,S1 PAI,28,0,51.3,23
GR000318,MDR00101,P,50,S2 PAI,25,0,53.3,22
GR000319,MDR00101,P,27,S1 PAI,1,1,66.1,28
GR000320,MDR00101,P,31,S1 PAI,5,0,62.4,25
GR000321,MDR00101,L,39,S1 PAI,12,1,47.0,19
GR000322,MDR00102,L,27,D3/Lainnya,2,0,70.7,27
GR000323,MDR00102,P,51,S1 Non-PAI,25,0,55.4,23
GR000324,MDR00102,P,36,S2 PAI,13,1,79.8,32
GR000325,MDR00103,P,28,S1 Non-PAI,4,1,74.0,19
GR000326,MDR00103,P,44,D3/Lainnya,19,1,62.0,27
GR000327,MDR00103,P,45,S1 PAI,22,1,67.1,18
GR000328,MDR00103,P,37,S1 PAI,10,1,63.0,23
GR000329,MDR00104,P,50,S1 Non-PAI,26,0,57.5,30
GR000330,MDR00104,P,39,S1 Non-PAI,13,1,77.7,17
GR000331,MDR00104,P,23,S1 PAI,0,1,69.8,22
GR000332,MDR00104,L,33,S1 PAI,9,1,61.5,19
GR000333,MDR00104,P,36,S1 Non-PAI,9,1,55.1,20
GR000334,MDR00105,P,34,S1 Non-PAI,7,0,54.6,27
GR000335,MDR00105,P,34,S1 Non-PAI,6,1,73.3,27
GR000336,MDR00105,P,39,S1 Non-PAI,16,1,49.8,15
GR000337,MDR00105,P,32,D3/Lainnya,5,1,61.2,33
GR000338,MDR00106,L,38,S1 PAI,14,0,58.8,20
GR000339,MDR00107,P,39,S1 PAI,16,0,69.4,24
GR000340,MDR00108,L,43,S1 PAI,16,0,54.1,25
GR000341,MDR00108,L,40,S1 PAI,17,0,70.9,21
GR000342,MDR00108,P,47,S1 Non-PAI,23,0,53.9,19
GR000343,MDR00108,P,46,S1 Non-PAI,21,1,55.4,20
GR000344,MDR00109,P,55,S1 PAI,28,0,55.6,19
GR000345,MDR00109,P,38,S1 Non-PAI,12,0,64.1,26
GR000346,MDR00109,L,23,S1 PAI,0,0,70.2,27
GR000347,MDR00110,L,40,S1 Non-PAI,15,1,51.7,24
GR000348,MDR00110,P,55,S1 PAI,32,0,54.8,24
GR000349,MDR00111,P,47,S1 PAI,19,1,65.7,25
GR000350,MDR00111,L,33,S2 PAI,5,0,55.9,28
GR000351,MDR00111,P,39,S1 PAI,11,0,45.0,23
GR000352,MDR00111,P,23,S1 PAI,0,1,51.8,26
GR000353,MDR00112,P,28,S2 Non-PAI,2,1,77.8,29
GR000354,MDR00113,P,31,S2 Non-PAI,5,0,55.6,28
GR000355,MDR00113,P,47,S1 PAI,19,1,49.8,24
GR000356,MDR00113,L,24,S1 PAI,0,1,70.6,21
GR000357,MDR00113,P,49,S1 PAI,24,0,68.0,24
GR000358,MDR00113,L,40,S1 PAI,13,1,50.4,21
GR000359,MDR00113,P,50,S1 Non-PAI,26,1,33.8,26
GR000360,MDR00113,P,36,S1 PAI,8,1,73.6,23
GR000361,MDR00113,P,48,S1 PAI,20,0,43.8,23
GR000362,MDR00114,L,29,S1 Non-PAI,3,1,57.0,28
GR000363,MDR00115,P,36,S2 PAI,13,1,66.6,22
GR000364,MDR00116,L,23,S1 PAI,0,0,59.9,21
GR000365,MDR00116,P,36,S1 PAI,11,1,51.0,26
GR000366,MDR00116,P,43,S1 PAI,20,1,60.2,24
GR000367,MDR00116,P,29,S1 PAI,1,0,76.8,21
GR000368,MDR00116,P,40,S1 Non-PAI,15,1,76.0,25
GR000369,MDR00116,P,46,S1 PAI,21,1,64.3,24
GR000370,MDR00117,P,42,S1 PAI,17,1,59.4,28
GR000371,MDR00117,L,36,S1 PAI,9,1,54.8,21
GR000372,MDR00117,P,55,S1 Non-PAI,31,1,61.0,22
GR000373,MDR00118,L,49,S1 PAI,22,0,59.5,24
GR000374,MDR00118,P,46,S1 PAI,21,0,47.2,22
GR000375,MDR00118,P,43,S1 PAI,20,0,52.3,25
GR000376,MDR00118,P,31,S2 Non-PAI,5,0,63.8,21
GR000377,MDR00118,L,23,S1 PAI,0,1,52.1,18
GR000378,MDR00119,P,23,S1 PAI,0,0,69.6,27
GR000379,MDR00119,L,26,S1 PAI,2,1,61.7,20
GR000380,MDR00120,P,48,S1 Non-PAI,22,1,52.1,22
GR000381,MDR00120,L,31,S1 Non-PAI,6,0,65.2,31
GR000382,MDR00121,P,28,D3/Lainnya,0,0,63.0,28
GR000383,MDR00121,L,40,S2 Non-PAI,16,1,66.4,26
GR000384,MDR00121,P,32,S1 PAI,5,0,72.9,20
GR000385,MDR00121,P,28,S1 PAI,3,1,70.9,17
GR000386,MDR00121,P,47,S1 Non-PAI,23,1,46.2,21
GR000387,MDR00121,P,40,S1 PAI,15,0,50.6,20
GR000388,MDR00121,P,43,S2 PAI,17,0,59.9,26
GR000389,MDR00122,L,35,S1 Non-PAI,11,1,45.0,20
GR000390,MDR00123,P,34,S2 Non-PAI,8,0,68.7,23
GR000391,MDR00123,L,30,S1 PAI,2,0,62.5,22
GR000392,MDR00123,L,43,S1 PAI,17,1,61.6,27
GR000393,MDR00124,P,46,S1 Non-PAI,22,1,44.2,26
GR000394,MDR00124,L,39,D3/Lainnya,12,0,57.3,22
GR000395,MDR00124,L,23,S1 PAI,0,0,45.6,25
GR000396,MDR00124,L,50,S1 PAI,27,0,41.3,19
GR000397,MDR00125,P,40,S1 PAI,15,1,62.0,22
GR000398,MDR00125,P,42,D3/Lainnya,17,0,54.1,27
GR000399,MDR00126,L,40,S1 PAI,12,1,47.2,28
GR000400,MDR00126,P,35,S1 Non-PAI,7,0,63.3,20
GR000401,MDR00126,L,23,S1 PAI,0,1,60.0,15
GR000402,MDR00126,L,42,S1 Non-PAI,19,1,53.1,28
GR000403,MDR00126,P,29,S1 PAI,3,1,74.9,27
GR000404,MDR00127,P,50,D3/Lainnya,25,1,40.5,30
GR000405,MDR00127,P,32,S1 Non-PAI,7,1,62.6,26
GR000406,MDR00127,L,40,S2 PAI,17,0,70.2,22
GR000407,MDR00128,P,40,S2 Non-PAI,14,1,68.8,28
GR000408,MDR00128,L,39,S2 PAI,11,1,67.6,17
GR000409,MDR00128,P,37,S2 PAI,10,1,62.9,29
GR000410,MDR00128,L,56,S1 Non-PAI,31,1,62.0,22
GR000411,MDR00128,L,39,S1 PAI,12,0,61.5,29
GR000412,MDR00129,P,35,S1 Non-PAI,9,1,67.4,25
GR000413,MDR00129,L,36,S1 PAI,11,0,65.3,23
GR000414,MDR00130,L,25,S1 PAI,0,0,76.5,20
GR000415,MDR00130,P,35,S1 PAI,11,1,62.5,24
GR000416,MDR00131,L,40,S1 PAI,15,1,53.6,23
GR000417,MDR00131,L,38,S1 Non-PAI,10,0,57.9,23
GR000418,MDR00131,P,44,S1 Non-PAI,18,0,52.6,24
GR000419,MDR00131,L,37,D3/Lainnya,9,0,47.5,20
GR000420,MDR00132,L,23,S1 PAI,0,0,60.7,30
GR000421,MDR00132,P,33,S2 Non-PAI,9,1,55.8,21
GR000422,MDR00132,P,45,S1 PAI,17,1,65.0,20
GR000423,MDR00132,P,44,S1 PAI,16,1,54.2,19
GR000424,MDR00132,L,43,S2 Non-PAI,19,1,71.3,17
GR000425,MDR00132,L,48,S2 PAI,21,0,70.6,23
GR000426,MDR00132,P,43,S1 PAI,17,0,61.1,26
GR000427,MDR00133,P,43,S1 PAI,17,1,42.6,27
GR000428,MDR00133,L,35,S1 Non-PAI,7,1,42.7,24
GR000429,MDR00133,P,39,S1 PAI,13,1,63.0,27
GR000430,MDR00133,L,40,S1 PAI,15,1,55.0,23
GR000431,MDR00133,P,39,S1 Non-PAI,15,1,46.5,24
GR000432,MDR00133,L,27,S1 Non-PAI,3,0,59.4,28
GR000433,MDR00133,P,51,S1 PAI,27,0,48.0,22
GR000434,MDR00133,L,45,S1 PAI,19,1,42.2,26
GR000435,MDR00134,P,25,S1 PAI,0,1,63.1,28
GR000436,MDR00134,L,23,S1 PAI,0,1,74.4,21
GR000437,MDR00134,L,25,S1 PAI,0,1,69.3,16
GR000438,MDR00135,P,46,S1 PAI,21,1,53.8,16
GR000439,MDR00135,P,25,S1 PAI,1,0,65.9,23
GR000440,MDR00135,P,38,S1 PAI,10,0,68.1,20
GR000441,MDR00135,P,32,S1 Non-PAI,7,0,61.3,21
GR000442,MDR00135,L,36,S1 PAI,12,1,65.1,22
GR000443,MDR00135,P,39,S1 PAI,11,1,63.4,25
GR000444,MDR00135,L,33,D3/Lainnya,10,1,47.6,20
GR000445,MDR00135,L,52,S2 PAI,25,1,58.2,20
GR000446,MDR00136,L,33,S1 Non-PAI,9,1,60.0,26
GR000447,MDR00136,L,36,S2 PAI,12,1,49.7,28
GR000448,MDR00136,P,28,S1 Non-PAI,2,1,70.3,28
GR000449,MDR00137,L,45,D3/Lainnya,21,0,57.2,24
GR000450,MDR00137,P,46,S1 PAI,22,0,61.2,24
GR000451,MDR00137,P,32,S1 PAI,9,0,40.6,20
GR000452,MDR00138,L,31,S1 PAI,8,0,58.7,31
GR000453,MDR00139,P,42,S1 Non-PAI,15,0,51.5,27
GR000454,MDR00139,P,41,S1 PAI,15,0,43.8,20
GR000455,MDR00140,L,49,S1 PAI,24,0,52.1,24
GR000456,MDR00141,P,51,S2 Non-PAI,24,1,56.0,22
GR000457,MDR00141,L,42,S1 PAI,14,0,52.4,18
GR000458,MDR00141,L,47,S1 PAI,23,0,53.4,21
GR000459,MDR00142,P,41,S1 PAI,13,0,61.6,28
GR000460,MDR00142,P,41,S1 Non-PAI,14,0,54.8,20
GR000461,MDR00142,P,26,S1 Non-PAI,0,0,77.8,23
GR000462,MDR00142,L,31,S2 PAI,4,0,60.6,29
GR000463,MDR00142,P,43,S1 PAI,18,0,55.4,30
GR000464,MDR00142,L,28,S1 PAI,1,1,57.6,28
GR000465,MDR00142,P,35,D3/Lainnya,9,0,71.8,23
GR000466,MDR00142,P,26,S1 PAI,1,1,83.2,20
GR000467,MDR00143,P,23,S1 PAI,0,1,55.8,22
GR000468,MDR00143,P,35,D3/Lainnya,11,1,53.8,22
GR000469,MDR00143,P,45,S1 PAI,17,1,59.2,22
GR000470,MDR00143,L,25,S1 PAI,0,0,69.0,24
GR000471,MDR00144,L,35,D3/Lainnya,10,1,40.1,26
GR000472,MDR00144,P,38,S1 PAI,11,1,64.2,27
GR000473,MDR00144,L,39,S2 PAI,11,1,84.8,26
GR000474,MDR00144,P,23,S1 PAI,0,1,59.8,24
GR000475,MDR00144,P,25,S1 PAI,0,0,60.5,24
GR000476,MDR00144,P,42,S2 Non-PAI,14,0,55.4,29
GR000477,MDR00144,P,46,S2 PAI,18,1,60.0,27
GR000478,MDR00144,P,23,S2 PAI,0,0,76.0,21
GR000479,MDR00144,L,28,S2 Non-PAI,1,1,69.6,29
GR000480,MDR00145,L,35,S1 Non-PAI,9,1,60.4,23
GR000481,MDR00145,P,34,S1 PAI,8,1,60.4,20
GR000482,MDR00145,P,37,S1 PAI,11,1,37.9,29
GR000483,MDR00146,L,32,S1 Non-PAI,8,0,63.2,21
GR000484,MDR00146,P,26,D3/Lainnya,0,1,51.9,21
GR000485,MDR00147,L,60,S1 PAI,32,1,65.4,21
GR000486,MDR00147,P,52,S1 Non-PAI,24,1,64.9,22
GR000487,MDR00147,P,33,S1 Non-PAI,7,0,47.0,19
GR000488,MDR00147,P,33,S2 PAI,9,0,73.0,23
GR000489,MDR00147,P,35,S1 Non-PAI,11,0,58.0,23
GR000490,MDR00147,P,23,S2 PAI,0,1,76.3,22
GR000491,MDR00147,P,23,S1 Non-PAI,0,0,66.7,22
GR000492,MDR00148,P,33,S1 Non-PAI,6,0,59.2,26
GR000493,MDR00148,L,38,S1 PAI,10,1,60.7,15
GR000494,MDR00148,P,39,S1 Non-PAI,14,1,63.4,23
GR000495,MDR00148,P,60,S1 Non-PAI,35,0,52.1,22
GR000496,MDR00149,L,38,D3/Lainnya,13,1,66.0,24
GR000497,MDR00150,P,44,D3/Lainnya,21,0,55.5,24
GR000498,MDR00150,P,25,S1 PAI,0,1,67.8,24
GR000499,MDR00150,L,29,S1 PAI,4,0,69.4,22
GR000500,MDR00150,P,24,S1 PAI,1,0,70.3,22
GR000501,MDR00150,P,24,S1 Non-PAI,0,0,62.7,25
GR000502,MDR00150,P,40,S1 Non-PAI,13,0,56.4,22
GR000503,MDR00151,L,40,S1 PAI,16,0,60.6,31
GR000504,MDR00151,P,28,S1 PAI,5,0,74.8,25
GR000505,MDR00151,P,33,S1 PAI,6,0,65.7,17
GR000506,MDR00151,L,45,S1 PAI,21,0,53.9,29
GR000507,MDR00151,L,32,S2 Non-PAI,5,1,59.6,20
GR000508,MDR00151,L,39,S1 PAI,16,0,57.4,28
GR000509,MDR00151,P,46,S1 PAI,18,0,46.6,23
GR000510,MDR00152,P,43,S1 PAI,20,1,59.0,25
GR000511,MDR00152,L,58,S1 PAI,34,1,59.5,23
GR000512,MDR00152,P,33,S2 PAI,7,1,74.7,27
GR000513,MDR00152,L,36,S1 PAI,8,0,60.1,26
GR000514,MDR00152,P,40,S1 PAI,17,1,70.9,29
GR000515,MDR00152,P,34,S1 PAI,9,0,74.9,22
GR000516,MDR00152,P,38,S1 PAI,11,0,73.5,28
GR000517,MDR00153,P,23,S1 Non-PAI,0,0,72.2,33
GR000518,MDR00154,L,38,S2 PAI,15,0,53.0,23
GR000519,MDR00154,P,44,S1 Non-PAI,19,1,46.8,18
GR000520,MDR00154,P,38,D3/Lainnya,15,0,60.4,17
GR000521,MDR00154,L,37,S1 PAI,13,0,64.2,21
GR000522,MDR00155,P,29,S1 PAI,6,0,57.7,23
GR000523,MDR00155,P,34,S1 PAI,9,0,67.1,25
GR000524,MDR00155,L,46,S1 PAI,18,1,40.1,22
GR000525,MDR00156,L,40,S1 PAI,13,0,52.9,31
GR000526,MDR00157,L,36,S1 PAI,9,1,65.7,20
GR000527,MDR00157,L,31,D3/Lainnya,5,1,72.8,30
GR000528,MDR00158,P,23,S1 PAI,0,0,60.6,26
GR000529,MDR00158,P,48,S1 PAI,20,1,64.0,20
GR000530,MDR00159,L,39,S1 PAI,15,1,72.0,26
GR000531,MDR00159,P,36,S1 PAI,8,1,67.6,24
GR000532,MDR00159,P,41,S1 PAI,15,1,62.9,21
GR000533,MDR00160,L,32,S1 PAI,6,1,47.2,21
GR000534,MDR00161,L,57,S1 Non-PAI,30,0,55.4,24
GR000535,MDR00161,P,35,S1 Non-PAI,7,0,56.1,21
GR000536,MDR00161,P,37,S1 PAI,14,0,70.0,27
GR000537,MDR00161,L,59,S1 Non-PAI,34,0,62.7,23
GR000538,MDR00161,L,23,S1 PAI,0,1,67.1,28
GR000539,MDR00162,P,44,S2 PAI,18,1,75.7,22
GR000540,MDR00162,L,26,S1 Non-PAI,0,1,80.4,27
GR000541,MDR00162,P,46,S1 Non-PAI,21,0,76.6,28
GR000542,MDR00162,P,33,S1 PAI,9,0,76.4,18
GR000543,MDR00163,P,49,S1 PAI,22,0,54.9,21
GR000544,MDR00164,P,42,S1 PAI,14,0,70.5,22
GR000545,MDR00164,L,34,S1 Non-PAI,6,0,56.6,19
GR000546,MDR00164,P,41,D3/Lainnya,16,0,43.5,19
GR000547,MDR00165,P,35,S1 Non-PAI,11,1,69.9,24
GR000548,MDR00165,P,46,D3/Lainnya,22,0,59.2,20
GR000549,MDR00166,P,44,S1 PAI,20,1,66.4,28
GR000550,MDR00166,P,25,S2 PAI,0,1,70.8,28
GR000551,MDR00166,P,27,S2 PAI,1,1,80.3,22
GR000552,MDR00166,P,23,S2 PAI,0,0,92.9,19
GR000553,MDR00167,P,28,S1 Non-PAI,2,1,58.1,24
GR000554,MDR00167,P,34,S1 PAI,9,1,64.3,26
GR000555,MDR00167,L,40,S1 PAI,15,1,56.1,23
GR000556,MDR00168,P,50,S2 Non-PAI,24,1,61.0,26
GR000557,MDR00168,P,33,S1 PAI,7,1,69.2,25
GR000558,MDR00168,L,51,S1 PAI,28,0,49.7,26
GR000559,MDR00168,L,37,S1 PAI,11,0,90.5,21
GR000560,MDR00169,L,23,S2 PAI,0,0,81.6,27
GR000561,MDR00169,L,29,S2 PAI,1,1,71.6,24
GR000562,MDR00169,P,38,S1 PAI,14,0,62.1,22
GR000563,MDR00169,P,37,S1 PAI,14,1,64.2,27
GR000564,MDR00169,P,29,S1 Non-PAI,1,0,64.2,23
GR000565,MDR00170,L,45,S1 PAI,17,1,59.7,30
GR000566,MDR00170,P,27,S1 PAI,1,1,59.4,21
GR000567,MDR00170,L,49,S1 PAI,23,0,60.7,28
GR000568,MDR00170,L,38,S1 PAI,15,0,49.7,29
GR000569,MDR00171,P,43,S1 Non-PAI,19,0,62.0,27
GR000570,MDR00171,P,23,S2 PAI,0,0,75.9,27
GR000571,MDR00171,P,40,S1 PAI,12,1,41.3,23
GR000572,MDR00172,L,23,S1 PAI,0,0,70.3,17
GR000573,MDR00172,L,36,D3/Lainnya,8,0,48.6,20
GR000574,MDR00173,P,24,S1 PAI,1,1,64.1,15
GR000575,MDR00173,P,45,S1 PAI,19,0,49.5,19
GR000576,MDR00174,P,23,S1 PAI,0,1,66.9,19
GR000577,MDR00174,P,40,S1 PAI,14,1,78.6,22
GR000578,MDR00174,P,23,S2 Non-PAI,0,0,82.4,22
GR000579,MDR00174,L,49,S2 PAI,26,1,63.2,21
GR000580,MDR00174,L,28,S1 PAI,3,1,62.6,19
GR000581,MDR00174,L,41,S1 Non-PAI,18,0,49.4,22
GR000582,MDR00175,P,45,S1 PAI,19,0,72.6,21
GR000583,MDR00175,L,38,D3/Lainnya,13,1,58.0,24
GR000584,MDR00175,P,50,S1 PAI,24,1,71.2,13
GR000585,MDR00175,P,39,S2 PAI,16,1,77.5,29
GR000586,MDR00175,P,23,S1 PAI,0,1,59.1,25
GR000587,MDR00175,L,38,S1 PAI,10,0,66.3,32
GR000588,MDR00175,P,31,S1 PAI,7,0,76.1,21
GR000589,MDR00176,L,46,S1 PAI,23,0,69.5,26
GR000590,MDR00176,P,34,S1 Non-PAI,11,1,70.3,17
GR000591,MDR00176,P,42,S1 Non-PAI,18,0,55.9,24
GR000592,MDR00177,L,55,S1 PAI,27,1,53.6,18
GR000593,MDR00177,L,34,S2 PAI,6,1,53.5,23
GR000594,MDR00177,P,43,S1 PAI,19,0,56.0,18
GR000595,MDR00177,L,24,S1 Non-PAI,0,1,68.0,19
GR000596,MDR00178,L,27,S1 PAI,4,0,61.6,29
GR000597,MDR00178,P,33,S1 PAI,8,1,72.1,24
GR000598,MDR00179,L,24,S1 Non-PAI,0,1,74.2,23
GR000599,MDR00179,L,42,S2 PAI,16,0,59.9,27
GR000600,MDR00179,P,48,S1 Non-PAI,22,0,55.5,22
GR000601,MDR00179,P,42,S2 PAI,18,0,56.9,20
GR000602,MDR00180,P,31,S1 Non-PAI,4,0,52.9,18
GR000603,MDR00180,L,52,S1 Non-PAI,27,1,47.0,25
GR000604,MDR00180,L,37,S1 PAI,14,1,52.5,24
GR000605,MDR00180,L,47,S1 PAI,22,1,56.5,23
GR000606,MDR00180,P,46,S1 PAI,20,0,48.4,28
GR000607,MDR00180,P,34,S2 Non-PAI,8,1,76.1,20
GR000608,MDR00181,L,49,S1 Non-PAI,23,1,49.8,18
GR000609,MDR00181,L,44,S1 PAI,21,0,70.9,25
GR000610,MDR00182,P,39,S1 PAI,12,1,59.7,22
GR000611,MDR00182,P,42,S1 PAI,15,0,54.4,31
GR000612,MDR00182,L,28,S2 Non-PAI,4,0,71.6,22
GR000613,MDR00182,P,39,S1 Non-PAI,16,1,59.8,22
GR000614,MDR00183,L,42,S1 PAI,16,1,47.2,28
GR000615,MDR00184,P,46,S1 PAI,22,1,40.2,23
GR000616,MDR00184,P,40,S1 Non-PAI,13,1,49.0,28
GR000617,MDR00185,L,36,S2 PAI,9,1,69.0,23
GR000618,MDR00185,P,41,S2 PAI,15,1,76.0,28
GR000619,MDR00185,P,33,S1 PAI,10,0,71.6,22
GR000620,MDR00186,P,41,S2 PAI,13,0,40.8,24
GR000621,MDR00186,P,29,S1 PAI,5,0,64.4,24
GR000622,MDR00186,L,40,S1 PAI,15,1,57.5,26
GR000623,MDR00186,L,53,S1 Non-PAI,30,0,54.1,34
GR000624,MDR00187,P,28,S1 PAI,0,1,76.2,23
GR000625,MDR00188,P,40,S1 PAI,12,0,34.3,22
GR000626,MDR00188,L,39,S1 PAI,14,1,55.5,25
GR000627,MDR00188,L,32,S1 PAI,6,1,45.5,16
GR000628,MDR00189,P,32,S1 PAI,5,1,66.2,32
GR000629,MDR00189,P,37,S1 PAI,11,0,56.1,25
GR000630,MDR00189,P,27,S1 PAI,1,1,63.3,28
GR000631,MDR00189,L,48,S2 PAI,25,1,54.9,18
GR000632,MDR00189,P,31,S1 PAI,8,1,68.2,26
GR000633,MDR00190,L,51,S1 PAI,28,0,54.3,24
GR000634,MDR00190,P,25,S2 PAI,0,1,75.3,21
GR000635,MDR00190,P,44,S2 PAI,16,0,58.3,24
GR000636,MDR00190,L,34,D3/Lainnya,8,1,54.9,19
GR000637,MDR00190,L,36,D3/Lainnya,8,1,55.2,23
GR000638,MDR00190,P,32,S1 Non-PAI,8,1,59.7,29
GR000639,MDR00190,L,31,S1 PAI,6,0,49.8,28
GR000640,MDR00191,P,54,D3/Lainnya,28,1,53.0,21
GR000641,MDR00191,P,31,S1 Non-PAI,7,1,68.7,26
GR000642,MDR00192,L,53,S1 PAI,26,0,44.1,27
GR000643,MDR00192,P,27,S1 PAI,0,0,64.2,28
GR000644,MDR00192,L,45,S1 PAI,17,1,55.1,21
GR000645,MDR00192,P,33,S1 PAI,6,0,61.1,26
GR000646,MDR00192,P,27,S1 PAI,3,1,62.2,24
GR000647,MDR00192,P,38,S1 PAI,14,1,61.0,29
GR000648,MDR00193,L,34,S1 Non-PAI,7,1,58.4,29
GR000649,MDR00193,P,50,S1 PAI,25,1,43.8,23
GR000650,MDR00193,P,37,S1 PAI,11,1,55.5,19
GR000651,MDR00193,P,34,S1 PAI,10,1,50.5,21
GR000652,MDR00193,P,53,S1 PAI,27,1,58.5,29
GR000653,MDR00193,L,35,S1 PAI,11,0,63.5,25
GR000654,MDR00194,P,50,S1 PAI,23,1,58.3,24
GR000655,MDR00194,P,40,D3/Lainnya,12,0,52.5,25
GR000656,MDR00194,P,41,S1 PAI,13,1,48.4,18
GR000657,MDR00194,L,33,S1 PAI,6,0,57.0,25
GR000658,MDR00194,L,38,S1 PAI,11,1,64.8,20
GR000659,MDR00194,P,36,S1 Non-PAI,8,1,51.1,21
GR000660,MDR00194,P,23,S2 Non-PAI,0,1,74.5,22
GR000661,MDR00194,L,45,S1 PAI,17,1,49.0,18
GR000662,MDR00195,P,23,S2 Non-PAI,0,1,58.3,25
GR000663,MDR00195,L,35,D3/Lainnya,11,0,60.4,25
GR000664,MDR00196,P,38,S1 PAI,15,1,64.5,27
GR000665,MDR00196,P,40,S2 PAI,17,0,66.1,17
GR000666,MDR00197,P,30,S1 Non-PAI,7,1,49.8,34
GR000667,MDR00197,P,28,S1 Non-PAI,1,0,69.6,24
GR000668,MDR00198,L,43,D3/Lainnya,16,0,43.8,26
GR000669,MDR00198,L,38,S2 PAI,11,0,81.4,30
GR000670,MDR00198,L,47,D3/Lainnya,23,0,57.9,23
GR000671,MDR00199,P,29,S1 PAI,5,1,63.8,25
GR000672,MDR00199,L,23,S1 PAI,0,1,74.1,21
GR000673,MDR00199,P,34,D3/Lainnya,10,0,45.9,21
GR000674,MDR00199,P,25,S2 PAI,0,1,62.3,26
GR000675,MDR00200,L,29,S1 PAI,5,0,75.3,24
GR000676,MDR00200,P,38,S1 PAI,11,0,76.8,26
GR000677,MDR00200,L,29,S1 PAI,2,0,64.3,15
GR000678,MDR00201,P,23,S1 PAI,0,0,70.0,21
GR000679,MDR00201,L,60,S1 PAI,35,1,52.6,27
GR000680,MDR00201,P,44,S1 Non-PAI,21,0,61.6,16
GR000681,MDR00201,L,33,S1 Non-PAI,7,1,56.6,21
GR000682,MDR00202,P,31,S2 PAI,3,0,47.3,24
GR000683,MDR00203,P,51,S2 PAI,27,0,51.6,18
GR000684,MDR00203,L,45,D3/Lainnya,20,0,56.0,20
GR000685,MDR00204,P,29,S1 PAI,6,1,68.6,22
GR000686,MDR00205,L,50,S1 PAI,24,1,56.4,20
GR000687,MDR00205,P,31,S1 PAI,8,1,55.0,29
GR000688,MDR00205,P,29,S1 PAI,5,0,73.7,21
GR000689,MDR00206,L,31,S1 Non-PAI,8,0,51.6,30
GR000690,MDR00206,P,26,S1 PAI,0,0,86.1,21
GR000691,MDR00207,P,34,D3/Lainnya,11,1,53.6,32
GR000692,MDR00208,P,43,S2 Non-PAI,16,0,49.0,19
GR000693,MDR00209,L,42,D3/Lainnya,15,1,65.9,21
GR000694,MDR00209,P,43,S1 PAI,17,0,58.0,30
GR000695,MDR00210,L,31,S1 Non-PAI,4,1,56.5,22
GR000696,MDR00210,L,50,S1 Non-PAI,24,0,57.5,16
GR000697,MDR00210,L,46,S2 PAI,18,0,63.6,26
GR000698,MDR00211,L,32,S1 PAI,8,1,65.7,15
GR000699,MDR00211,P,32,S1 PAI,4,0,63.8,20
GR000700,MDR00211,P,24,S1 PAI,0,1,86.7,25
GR000701,MDR00211,L,52,S1 PAI,25,1,55.4,20
GR000702,MDR00212,P,28,S1 PAI,4,0,70.5,25
GR000703,MDR00212,L,33,S2 PAI,8,1,78.5,18
GR000704,MDR00212,P,49,S2 PAI,21,0,63.0,27
GR000705,MDR00213,L,34,S1 PAI,6,0,57.8,18
GR000706,MDR00213,P,23,S2 PAI,0,1,64.0,21
GR000707,MDR00213,L,35,S1 PAI,7,1,50.4,24
GR000708,MDR00213,P,47,S1 PAI,19,1,59.9,22
GR000709,MDR00213,L,45,D3/Lainnya,17,1,34.2,22
GR000710,MDR00213,L,34,S1 PAI,6,1,46.6,27
GR000711,MDR00213,L,40,S1 Non-PAI,13,1,65.4,28
GR000712,MDR00213,L,50,S1 PAI,26,0,63.4,25
GR000713,MDR00214,P,34,S2 PAI,6,0,78.7,19
GR000714,MDR00214,P,28,S1 PAI,1,0,62.2,21
GR000715,MDR00214,L,45,S1 Non-PAI,22,0,65.5,28
GR000716,MDR00214,L,30,S1 PAI,3,1,60.4,29
GR000717,MDR00215,L,31,S1 PAI,3,0,54.4,16
GR000718,MDR00215,P,23,S1 PAI,0,1,61.8,27
GR000719,MDR00215,P,39,S1 PAI,13,0,60.6,16
GR000720,MDR00215,P,34,S2 PAI,10,1,76.0,24
GR000721,MDR00215,L,39,S1 Non-PAI,11,1,53.9,19
GR000722,MDR00216,P,37,S1 Non-PAI,12,1,44.4,23
GR000723,MDR00217,L,52,S1 PAI,25,0,58.6,20
GR000724,MDR00217,P,25,S1 PAI,0,0,70.9,23
GR000725,MDR00217,L,34,S1 PAI,10,0,52.7,25
GR000726,MDR00217,P,34,D3/Lainnya,10,1,68.8,23
GR000727,MDR00218,L,44,D3/Lainnya,16,0,60.1,19
GR000728,MDR00218,P,28,S1 Non-PAI,2,1,52.8,27
GR000729,MDR00218,P,37,D3/Lainnya,12,0,58.0,26
GR000730,MDR00218,P,37,S2 PAI,9,0,76.1,20
GR000731,MDR00219,L,44,S1 PAI,16,1,66.3,21
GR000732,MDR00219,P,41,S1 PAI,15,1,56.9,24
GR000733,MDR00219,L,56,S1 PAI,30,0,40.8,25
GR000734,MDR00220,P,32,S1 Non-PAI,4,1,72.3,20
GR000735,MDR00220,L,44,S1 PAI,19,1,52.3,25
GR000736,MDR00220,L,54,S1 PAI,27,1,67.2,24
GR000737,MDR00220,L,37,S2 PAI,11,0,80.3,28
GR000738,MDR00220,L,37,S2 Non-PAI,12,1,68.4,21
GR000739,MDR00221,P,43,D3/Lainnya,18,1,55.6,23
GR000740,MDR00221,L,23,S1 PAI,0,0,67.3,21
GR000741,MDR00221,L,33,D3/Lainnya,9,1,57.2,26
GR000742,MDR00221,L,47,S1 PAI,19,1,52.3,21
GR000743,MDR00221,L,40,S1 PAI,14,1,51.8,26
GR000744,MDR00222,P,43,S1 PAI,15,0,62.9,22
GR000745,MDR00222,L,45,S2 PAI,18,1,54.1,17
GR000746,MDR00222,L,40,S1 PAI,15,0,57.3,19
GR000747,MDR00222,P,38,S1 Non-PAI,13,1,52.7,22
GR000748,MDR00223,L,39,S1 PAI,16,1,50.1,23
GR000749,MDR00223,P,39,S1 Non-PAI,13,1,59.1,25
GR000750,MDR00224,P,37,D3/Lainnya,13,1,54.9,18
GR000751,MDR00224,L,42,S1 PAI,17,0,63.7,18
GR000752,MDR00224,P,35,S1 Non-PAI,9,0,47.7,28
GR000753,MDR00224,P,32,S1 PAI,4,1,60.3,23
GR000754,MDR00224,P,55,S1 PAI,27,0,50.2,23
GR000755,MDR00225,L,44,D3/Lainnya,19,1,40.9,17
GR000756,MDR00225,P,32,D3/Lainnya,9,0,53.6,24
GR000757,MDR00225,P,43,S1 Non-PAI,17,1,43.1,26
GR000758,MDR00225,P,35,S1 PAI,11,1,54.8,35
GR000759,MDR00226,L,37,S1 PAI,11,1,64.2,18
GR000760,MDR00226,L,50,S2 PAI,27,0,72.8,21
GR000761,MDR00227,P,46,D3/Lainnya,22,0,52.9,18
GR000762,MDR00227,P,55,S2 PAI,31,1,65.2,26
GR000763,MDR00227,L,29,S1 PAI,1,0,61.8,25
GR000764,MDR00228,P,31,S2 PAI,7,0,65.4,24
GR000765,MDR00228,P,42,S1 PAI,15,1,56.0,24
GR000766,MDR00229,L,32,S1 Non-PAI,8,0,59.1,24
GR000767,MDR00229,L,43,D3/Lainnya,15,1,55.7,23
GR000768,MDR00229,L,35,S1 PAI,11,0,65.6,24
GR000769,MDR00229,P,38,S1 PAI,10,1,47.0,24
GR000770,MDR00229,P,36,S1 PAI,8,0,53.9,25
GR000771,MDR00229,P,27,S1 Non-PAI,0,1,65.8,31
GR000772,MDR00230,P,29,S1 PAI,2,1,78.0,22
GR000773,MDR00231,P,39,S1 PAI,15,1,51.1,25
GR000774,MDR00231,L,34,S1 PAI,8,1,56.2,24
GR000775,MDR00231,L,56,S1 PAI,28,0,60.4,26
GR000776,MDR00231,L,39,S1 PAI,13,1,66.4,25
GR000777,MDR00231,L,44,S1 PAI,20,1,67.1,19
GR000778,MDR00231,P,28,S1 Non-PAI,4,1,66.0,16
GR000779,MDR00232,L,25,S1 PAI,0,0,66.7,30
GR000780,MDR00232,L,37,S1 Non-PAI,11,1,59.9,29
GR000781,MDR00232,L,34,S2 Non-PAI,6,0,68.5,26
GR000782,MDR00233,L,36,S1 Non-PAI,8,0,64.5,25
GR000783,MDR00234,P,47,S1 PAI,22,0,51.8,18
GR000784,MDR00235,L,40,S1 PAI,15,0,63.7,16
GR000785,MDR00235,L,34,S1 PAI,7,0,50.0,18
GR000786,MDR00236,P,23,S1 Non-PAI,0,0,83.6,25
GR000787,MDR00237,P,39,S2 PAI,16,1,51.7,20
GR000788,MDR00237,L,34,S2 PAI,11,1,73.0,18
GR000789,MDR00237,L,35,S2 PAI,10,0,64.8,20
GR000790,MDR00237,P,40,S1 PAI,12,0,73.4,30
GR000791,MDR00237,L,27,S1 PAI,3,1,62.7,28
GR000792,MDR00237,P,38,D3/Lainnya,11,1,43.6,20
GR000793,MDR00238,P,38,S1 Non-PAI,10,1,77.3,28
GR000794,MDR00238,P,53,S2 PAI,25,1,62.1,27
GR000795,MDR00238,P,60,S2 PAI,35,1,71.3,26
GR000796,MDR00238,L,39,S1 PAI,15,1,56.7,22
GR000797,MDR00238,L,45,D3/Lainnya,18,1,33.3,24
GR000798,MDR00238,P,30,S1 PAI,2,0,62.3,19
GR000799,MDR00238,P,35,S2 PAI,10,0,78.2,26
GR000800,MDR00239,P,23,S2 Non-PAI,0,1,68.7,25
GR000801,MDR00239,L,42,S1 PAI,17,1,57.5,24
GR000802,MDR00239,L,25,D3/Lainnya,0,1,54.3,20
GR000803,MDR00240,P,45,S1 PAI,17,0,64.2,20
GR000804,MDR00241,P,36,S1 PAI,8,0,59.9,29
GR000805,MDR00241,P,24,S1 PAI,0,0,62.7,25
GR000806,MDR00241,P,32,D3/Lainnya,8,1,63.5,30
GR000807,MDR00242,P,42,S1 PAI,18,1,70.1,23
GR000808,MDR00242,L,34,D3/Lainnya,7,1,55.2,27
GR000809,MDR00242,P,37,S1 PAI,9,0,64.7,28
GR000810,MDR00243,L,47,S2 Non-PAI,22,0,55.9,33
GR000811,MDR00243,P,47,S2 PAI,19,1,56.5,24
GR000812,MDR00243,L,46,S1 PAI,19,0,42.1,20
GR000813,MDR00243,P,49,S1 PAI,21,0,50.3,24
GR000814,MDR00243,P,26,S1 PAI,1,0,63.9,22
GR000815,MDR00243,P,45,S1 PAI,20,0,45.1,20
GR000816,MDR00243,L,31,S1 PAI,5,1,48.0,22
GR000817,MDR00243,L,31,S1 Non-PAI,8,1,57.0,22
GR000818,MDR00244,P,41,S1 Non-PAI,15,0,57.1,25
GR000819,MDR00244,P,29,S1 PAI,2,1,53.4,30
GR000820,MDR00244,L,48,S1 Non-PAI,23,0,60.6,24
GR000821,MDR00245,P,28,S1 Non-PAI,4,0,68.0,18
GR000822,MDR00245,P,28,S1 PAI,5,0,65.8,23
GR000823,MDR00245,L,51,S1 Non-PAI,27,0,64.4,23
GR000824,MDR00245,P,34,S1 PAI,11,1,62.6,23
GR000825,MDR00246,L,31,S1 PAI,8,1,56.7,30
GR000826,MDR00246,P,38,S1 PAI,11,0,55.2,21
GR000827,MDR00246,P,27,S1 PAI,4,0,50.2,28
GR000828,MDR00246,L,41,S1 PAI,15,1,67.8,20
GR000829,MDR00246,P,50,S1 PAI,22,1,70.5,23
GR000830,MDR00247,L,30,S1 PAI,6,0,61.8,33
GR000831,MDR00247,P,40,S1 Non-PAI,12,0,49.5,29
GR000832,MDR00248,L,39,S1 PAI,14,1,70.8,20
GR000833,MDR00248,L,31,S1 PAI,5,0,59.9,26
GR000834,MDR00248,P,32,S1 Non-PAI,6,0,65.4,16
GR000835,MDR00249,L,51,S1 PAI,26,0,55.5,28
GR000836,MDR00250,L,32,S1 PAI,9,0,59.8,24
GR000837,MDR00251,P,44,S1 PAI,17,1,59.3,30
GR000838,MDR00251,L,35,S2 Non-PAI,9,0,58.0,21
GR000839,MDR00252,P,23,S1 PAI,0,1,55.0,22
GR000840,MDR00252,P,37,S1 PAI,13,0,72.9,18
GR000841,MDR00253,L,36,S1 PAI,13,0,61.5,24
GR000842,MDR00253,L,27,S1 PAI,1,0,75.6,23
GR000843,MDR00254,P,37,D3/Lainnya,10,0,51.6,16
GR000844,MDR00254,L,38,S2 PAI,13,0,68.6,28
GR000845,MDR00254,P,36,S1 PAI,13,0,53.8,23
GR000846,MDR00254,L,23,S1 PAI,0,1,69.3,19
GR000847,MDR00255,L,34,D3/Lainnya,10,0,59.0,23
GR000848,MDR00255,P,38,S2 Non-PAI,10,0,62.9,16
GR000849,MDR00255,P,42,S1 PAI,15,1,74.8,28
GR000850,MDR00256,L,37,S1 PAI,10,1,63.9,29
GR000851,MDR00257,P,43,S1 Non-PAI,17,1,39.4,24
GR000852,MDR00257,P,37,S1 PAI,13,0,58.0,23
GR000853,MDR00258,L,23,S1 Non-PAI,0,0,44.6,25
GR000854,MDR00258,P,27,S2 Non-PAI,0,0,54.1,26
GR000855,MDR00259,P,46,S1 Non-PAI,20,0,66.2,29
GR000856,MDR00259,L,34,S1 PAI,9,1,81.5,22
GR000857,MDR00259,P,30,S1 PAI,7,0,76.2,26
GR000858,MDR00260,P,30,S1 Non-PAI,4,0,51.7,17
GR000859,MDR00261,P,42,S1 PAI,18,1,66.3,29
GR000860,MDR00261,P,37,S2 Non-PAI,10,1,79.1,21
GR000861,MDR00261,P,30,S1 PAI,3,0,55.3,22
GR000862,MDR00261,P,54,S1 PAI,27,1,37.0,23
GR000863,MDR00262,P,30,S1 PAI,4,0,69.1,20
GR000864,MDR00262,P,30,D3/Lainnya,7,0,54.0,20
GR000865,MDR00263,P,24,S2 PAI,0,0,70.7,20
GR000866,MDR00263,P,29,S1 PAI,5,0,71.0,28
GR000867,MDR00264,P,42,S1 PAI,14,1,52.8,21
GR000868,MDR00264,P,39,S1 PAI,11,1,51.6,18
GR000869,MDR00264,P,34,S1 PAI,9,0,58.8,22
GR000870,MDR00264,P,30,S1 Non-PAI,6,0,66.5,24
GR000871,MDR00265,P,35,S1 PAI,12,1,63.8,19
GR000872,MDR00266,P,27,S1 PAI,0,1,62.4,19
GR000873,MDR00266,L,47,S2 PAI,19,1,56.5,24
GR000874,MDR00267,L,23,S1 PAI,0,0,61.9,20
GR000875,MDR00267,P,35,S1 PAI,9,1,52.8,26
GR000876,MDR00267,L,50,S1 PAI,26,0,41.7,14
GR000877,MDR00268,L,41,S2 PAI,17,0,62.7,26
GR000878,MDR00268,P,59,S1 PAI,34,1,47.0,20
GR000879,MDR00268,P,46,S1 PAI,22,0,55.1,21
GR000880,MDR00268,P,42,S1 Non-PAI,19,0,39.8,23
GR000881,MDR00269,L,34,S2 Non-PAI,11,0,71.0,18
GR000882,MDR00269,P,29,S1 PAI,6,0,65.9,22
GR000883,MDR00270,P,40,S1 PAI,15,0,63.3,20
GR000884,MDR00271,P,39,S1 Non-PAI,12,1,51.4,20
GR000885,MDR00271,L,45,D3/Lainnya,19,0,38.5,29
GR000886,MDR00271,P,42,S1 PAI,15,0,53.7,22
GR000887,MDR00271,P,57,S1 Non-PAI,33,0,53.7,20
GR000888,MDR00271,L,49,S1 PAI,24,1,64.0,23
GR000889,MDR00271,L,32,S1 PAI,6,1,46.5,29
GR000890,MDR00271,L,45,S2 Non-PAI,22,0,63.0,24
GR000891,MDR00272,L,29,S1 Non-PAI,5,1,62.6,25
GR000892,MDR00272,L,57,S1 PAI,31,1,43.9,23
GR000893,MDR00272,P,23,S2 PAI,0,1,71.8,22
GR000894,MDR00272,L,41,S1 PAI,13,1,55.3,27
GR000895,MDR00272,L,35,S1 PAI,12,1,46.5,26
GR000896,MDR00273,P,43,S1 PAI,19,0,51.3,24
GR000897,MDR00273,L,36,S1 PAI,9,1,58.5,28
GR000898,MDR00273,L,42,S1 PAI,18,1,57.0,30
GR000899,MDR00274,P,45,S1 Non-PAI,17,0,58.4,23
GR000900,MDR00274,L,38,S1 PAI,11,0,54.8,23
GR000901,MDR00275,P,35,S1 PAI,7,1,59.5,17
GR000902,MDR00276,L,38,D3/Lainnya,11,1,55.5,28
GR000903,MDR00276,L,37,S1 PAI,14,1,79.1,20
GR000904,MDR00276,P,45,S2 PAI,18,1,74.3,22
GR000905,MDR00276,L,34,S2 PAI,10,0,63.1,25
GR000906,MDR00276,P,41,D3/Lainnya,15,1,53.8,27
GR000907,MDR00276,L,47,S2 PAI,21,1,50.2,22
GR000908,MDR00276,P,31,S1 PAI,6,1,65.5,22
GR000909,MDR00277,L,34,D3/Lainnya,11,0,61.3,27
GR000910,MDR00278,P,43,S1 PAI,16,0,43.2,27
GR000911,MDR00279,L,36,S1 PAI,10,0,47.4,28
GR000912,MDR00279,P,23,D3/Lainnya,0,1,55.0,26
GR000913,MDR00279,P,37,S1 PAI,10,0,61.7,17
GR000914,MDR00280,P,51,S1 PAI,25,0,63.8,28
GR000915,MDR00280,L,46,S2 PAI,23,1,47.8,21
GR000916,MDR00280,P,47,D3/Lainnya,24,1,46.5,29
GR000917,MDR00280,L,28,S1 Non-PAI,3,1,61.4,24
GR000918,MDR00280,P,39,S1 PAI,13,0,54.5,26
GR000919,MDR00281,P,23,S1 PAI,0,0,66.9,25
GR000920,MDR00282,L,38,S1 Non-PAI,10,1,47.5,29
GR000921,MDR00282,P,42,S1 Non-PAI,15,0,52.8,24
GR000922,MDR00282,L,44,S2 PAI,19,0,76.6,23
GR000923,MDR00282,L,32,S1 PAI,5,0,65.8,27
GR000924,MDR00282,L,45,S2 Non-PAI,19,0,63.2,23
GR000925,MDR00282,P,38,S1 PAI,14,1,65.8,23
GR000926,MDR00283,P,47,S1 Non-PAI,21,0,46.6,30
GR000927,MDR00283,P,35,S1 Non-PAI,9,1,69.1,33
GR000928,MDR00283,P,32,S2 PAI,4,1,81.7,21
GR000929,MDR00283,L,39,S1 PAI,13,1,75.3,22
GR000930,MDR00284,P,44,S1 PAI,18,0,48.0,33
GR000931,MDR00284,L,38,S1 PAI,12,0,69.6,15
GR000932,MDR00284,P,59,S1 PAI,33,0,63.1,25
GR000933,MDR00285,L,26,S2 PAI,1,0,71.6,20
GR000934,MDR00286,L,41,S2 Non-PAI,15,1,58.2,21
GR000935,MDR00286,P,54,S1 PAI,30,0,46.0,24
GR000936,MDR00286,P,44,S1 PAI,18,1,62.8,30
GR000937,MDR00286,L,40,S1 PAI,15,0,52.6,21
GR000938,MDR00286,L,30,D3/Lainnya,2,0,63.9,27
GR000939,MDR00286,L,25,D3/Lainnya,0,0,46.0,20
GR000940,MDR00286,P,26,S1 PAI,0,0,59.5,20
GR000941,MDR00287,L,39,S1 PAI,12,1,63.4,27
GR000942,MDR00287,P,46,S1 Non-PAI,23,1,57.3,16
GR000943,MDR00287,P,50,S1 Non-PAI,23,0,61.2,12
GR000944,MDR00287,L,29,S1 PAI,4,0,61.7,23
GR000945,MDR00287,P,37,S1 PAI,12,1,58.1,20
GR000946,MDR00288,L,39,S2 PAI,16,1,60.1,30
GR000947,MDR00288,P,34,S1 PAI,7,1,58.3,25
GR000948,MDR00289,P,23,S2 PAI,0,1,87.4,26
GR000949,MDR00289,L,34,S1 PAI,9,0,70.6,27
GR000950,MDR00290,P,23,S1 PAI,0,1,55.0,28
GR000951,MDR00290,P,36,S1 PAI,11,1,55.9,26
GR000952,MDR00290,P,35,S1 PAI,8,1,57.2,22
GR000953,MDR00291,P,38,S1 PAI,14,1,48.3,25
GR000954,MDR00291,L,45,S1 Non-PAI,21,1,57.2,18
GR000955,MDR00291,L,40,S1 Non-PAI,16,0,65.6,30
GR000956,MDR00291,L,45,S1 PAI,19,0,63.6,21
GR000957,MDR00291,P,42,S1 PAI,18,1,43.2,26
GR000958,MDR00291,P,59,S1 PAI,35,1,63.3,17
GR000959,MDR00292,P,42,S1 Non-PAI,17,1,68.1,26
GR000960,MDR00292,P,34,S1 PAI,10,0,72.1,18
GR000961,MDR00293,P,44,S1 Non-PAI,19,1,49.1,24
GR000962,MDR00293,L,44,S2 PAI,20,1,62.6,26
GR000963,MDR00293,L,43,S1 PAI,15,1,51.7,21
GR000964,MDR00293,L,37,S1 PAI,10,1,53.4,12
GR000965,MDR00293,L,45,S1 Non-PAI,22,0,60.4,25
GR000966,MDR00294,P,32,S1 PAI,6,0,57.0,22
GR000967,MDR00294,P,31,S1 PAI,5,0,60.6,29
GR000968,MDR00294,P,26,S2 PAI,1,0,75.2,25
GR000969,MDR00294,P,39,S1 PAI,11,0,55.9,22
GR000970,MDR00295,P,50,S1 PAI,25,1,62.0,16
GR000971,MDR00295,P,37,S1 PAI,10,0,54.8,31
GR000972,MDR00296,L,46,D3/Lainnya,20,0,37.4,33
GR000973,MDR00296,P,32,S1 PAI,9,0,55.5,23
GR000974,MDR00297,P,30,S1 Non-PAI,2,0,62.6,18
GR000975,MDR00298,P,33,S1 PAI,10,1,51.1,26
GR000976,MDR00298,L,37,S1 Non-PAI,11,1,68.1,25
GR000977,MDR00298,P,35,S1 PAI,7,1,44.4,27
GR000978,MDR00299,L,36,D3/Lainnya,8,1,54.2,31
GR000979,MDR00299,L,44,S1 Non-PAI,16,0,64.8,20
GR000980,MDR00300,L,37,S1 PAI,14,0,47.8,18
GR000981,MDR00300,P,56,D3/Lainnya,29,1,50.7,25
GR000982,MDR00300,P,33,S2 PAI,8,1,58.2,19
GR000983,MDR00300,P,33,S2 PAI,6,1,70.6,25
